,Id Serie,Pais,Nombre Serie
0,41648,"Korea, Republic of",Sim for You
1,52198,Russian Federation,Котики
2,52933,Russian Federation,LAB с Антоном Беляевым
3,51336,China,Core Sense
4,54033,China,Wu Shen Zhu Zai
5,61674,Japan,Sono koi Mousukoshi Atatamemasuka
6,52038,China,"Please Wait, Brother"
8,52373,No disponible,Fearless Whispers
9,55016,China,Ling Jian Zun
10,57339,"Iran, Islamic Republic of",Mafia Nights
11,47027,Russian Federation,вМесте. Интервью
12,50752,Norway,Stjernestøv
13,51893,Norway,Exit Nordpolen
16,26268,Russian Federation,Слепая
17,51436,United Kingdom,I'm a Celebrity...The Daily Drop
18,53198,Kazakhstan,SHEKER
19,51111,Turkey,Saygı
20,52984,Turkey,Konuşanlar
21,49864,Norway,Alex og Aune
22,51896,Norway,Blipp vs. Snøløs
23,13381,No disponible,Honest Game Trailers
24,13392,No disponible,Honest Trailers
25,15250,No disponible,The Young Turks
26,21491,No disponible,Kurzgesagt – In a Nutshell
27,30606,No disponible,SciShow
28,32980,No disponible,Returning the Favor
29,40482,No disponible,10 глупых вопросов
30,41611,No disponible,Good Mythical Morning
31,42121,No disponible,Red Table Talk
32,43261,Russian Federation,Родители
33,45389,No disponible,Obsolete
39,45400,No disponible,Comment Out
40,47267,No disponible,La Vida Moderna
41,47944,No disponible,Inside of You with Michael Rosenbaum
42,48302,No disponible,All Elite Wrestling: Dark
43,49626,No disponible,Marvel's Storyboards
44,50433,No disponible,UWN Primetime
45,50741,No disponible,Lyckoviken
46,51119,Egypt,Ela Ana
47,51870,No disponible,Something Just Like This
49,52073,No disponible,Oriental Casablanca
50,52104,China,Twisted Fate of Love
52,52106,China,Insect Detective
54,52107,China,New Face
56,52108,No disponible,Psych Hunter
58,52113,United States,Maryland Farm & Harvest
59,52150,No disponible,Cheat
60,52159,China,To Love
62,52164,No disponible,The Holiday Movies That Made Us
64,52191,No disponible,Wayward Guide
65,52534,No disponible,NWA Shockwave
66,53282,No disponible,33 Ребёнка
78,53338,No disponible,El Anesa Farah
79,53612,No disponible,Booba
80,54112,No disponible,Kids Teaching Idol
81,55364,No disponible,Countdown to I Do
85,58593,No disponible,La Más Draga
86,61755,No disponible,Bride of Beirut
87,60785,No disponible,Kono Koi Atatamemasu ka
88,6441,"Korea, Republic of",NFL Films Presents
89,61530,Japan,Toki wo Kakeru Bando
90,17633,United States,All About Android
91,38339,United States,A Teacher
92,45812,No disponible,Tooning Out the News
93,50661,No disponible,I Was a Teenage Felon
94,2504,No disponible,"Goede Tijden, Slechte Tijden"
95,50106,No disponible,Cheyenne et Lola
97,32087,United States,Chicken Girls
98,49630,No disponible,Контакты
100,47207,"Korea, Republic of",Mermaid Prince
101,48395,China,Wan Sheng Jie
102,49652,China,Yi Nian Yong Heng
103,45713,China,Dolls' Frontline
106,54637,China,Chu Feng: Yi Dian Shizi
107,55919,Norway,Klassen
108,58689,China,My Supernatural Power
113,53197,Kazakhstan,Оркестр
114,33691,"Korea, Republic of",Melon Music Awards
115,24963,Japan,New Japan Pro Wrestling
116,57689,No disponible,The Smart Money Woman
118,57030,Norway,Gjør det sjøl
120,57953,Norway,Før vi møtes
122,27055,No disponible,Studio Paradise
123,28346,No disponible,UNHhhh
125,33944,No disponible,Узнать за 10 секунд
126,34060,No disponible,DTK: Elviszlek magammal
127,40511,No disponible,Дома лучше
129,44944,No disponible,Вопрос ребром
130,46139,No disponible,Интервью с комиком
131,46409,No disponible,The Graduates
133,47897,No disponible,Сережа и микрофон. Подкаст
134,49147,No disponible,World War Two: Week by Week
135,49353,No disponible,Between 2 Wars
136,50159,No disponible,Jan Thomas' verden
138,51324,No disponible,Red Table Talk: The Estefans
139,51477,No disponible,Roger et ses humains
140,51749,China,Shi Yi Changan: Mingyue Ji Shi You
143,51927,No disponible,Alien Worlds
157,52421,China,You Complete Me
160,56064,No disponible,Crash Course Organic Chemistry
161,56746,No disponible,Too Many Spirits
162,57478,No disponible,Hello Kitty's Super Cute Adventures
163,59555,No disponible,SciShow Kids
165,52780,China,Mermaid Prince
167,36813,Brazil,Conversa com Bial
168,44660,United States,The Bump
169,52250,"Korea, Republic of",SJ Returns
170,44675,No disponible,Діти проти зірок
172,56531,United States,Dimension 20
174,51888,United States,Rooney's Last Roll
175,2266,United States,WWE NXT
176,45434,United States,Ruth & Ruby Virtual Sleepover Challenges
177,49732,No disponible,Noblesse
179,43722,Russian Federation,"257 причин, чтобы жить"
180,49280,Russian Federation,Псих
181,49422,Russian Federation,Шерлок в России
182,51908,Russian Federation,Нежность
186,38031,China,There's a Pit in My Senior Martial Brother's Brain
187,24837,China,Quan Zhi Gao Shou
188,47912,China,The Wolf
192,52799,China,Futmalls.com
194,54610,China,The Wonderland of Ten Thousands
195,57556,China,I Am a Great God
198,44060,No disponible,Why R U?: The Series
199,49902,Norway,Ukjent arving
204,53196,Kazakhstan,Саке
205,39804,No disponible,ещёнепознер
206,49948,"Korea, Republic of",Love Revolution
207,48252,Russian Federation,Ночной Контакт
208,30889,Russian Federation,Студия СОЮЗ
210,54658,No disponible,Joe Show
211,56605,"Korea, Republic of",It's Okay to Be Sensitive 2020
212,53177,No disponible,Masrah Masr
214,36046,Norway,TV 2 Hjelper Deg
216,51080,Netherlands,Temptation Island: Love or Leave
218,52758,Germany,Stichtag
220,54515,Norway,Jonahs dyreverden
221,57257,Belgium,Brak
222,6141,No disponible,Simon's Cat
223,7480,No disponible,Star Trek: Discovery
224,13215,No disponible,Critical Role
226,28381,No disponible,Cyanide & Happiness Shorts
228,36841,No disponible,Hot Ones
229,40471,No disponible,#BOOS
231,42843,No disponible,The Flight Attendant
233,42899,No disponible,Редакция
235,50157,No disponible,Basic Bitch
236,50586,No disponible,Cari & Jemele: Stick to Sports
237,51149,No disponible,The Pengest Munch
238,51393,No disponible,Daleks!
239,51560,China,Begin Again
242,51969,No disponible,Touch Me If You Can
243,52105,China,Be With You
251,52548,No disponible,Bogdan Boner: Egzorcysta
264,52608,No disponible,Nimra Etnin
265,53009,No disponible,My Wonderful Roommate
267,54744,No disponible,Al-Saleet Akhbar
268,56253,No disponible,Jessi's Show!Terview
269,60809,No disponible,Discover Destination UA
270,60848,No disponible,Blippi
271,51260,Philippines,Oh Mando!
274,6544,No disponible,Sesame Street
276,51742,Brazil,As Five
277,44249,No disponible,The Ready Room
278,16753,United States,WWE Main Event
279,42824,No disponible,Looney Tunes Cartoons
284,44713,No disponible,Full Bloom
286,45470,No disponible,12 Dates of Christmas
290,46668,United States,Tyler Perry's Ruthless
291,51316,No disponible,Texas 6
292,51706,United States,Terror Lake Drive
293,51845,No disponible,Stylish with Jenna Lyons
301,51899,United States,For the Love of Jason
302,52071,No disponible,Heaven's Gate: The Cult of Cults
306,17046,Germany,Notruf Hafenkante
308,39053,United States,WWE NXT UK
309,48288,No disponible,Roast Battle Labelcom
310,48402,Russian Federation,Чума!
311,52118,Russian Federation,Zakon i Besporyadok
316,49485,China,The Founder of Diabolism Q
318,55019,China,Supreme God Emperor
319,45466,Norway,Førstegangstjenesten
320,49907,Norway,Familien Lykke
323,56433,India,Uncommon Sense with Saloni
325,38171,Russian Federation,Гранд
327,53759,Turkey,BOOM
329,8035,Germany,Bettys Diagnose
330,11502,No disponible,Hver gang vi møtes
332,44664,Spain,Dime quién soy
334,46278,"Korea, Republic of",Real:Time:Love
335,46395,Norway,Panelet
336,50676,Belgium,Behind The Mask
337,52143,Norway,Bordtenniskameratene
338,52285,Belgium,Red Light
339,52320,Spain,El estado contra Pablo Ibar
345,52455,Spain,Colgar las alas
346,52800,Netherlands,De jacht op de mocro-maffia
347,59495,Norway,Bli med heim
351,7564,No disponible,Масяня
352,13168,No disponible,Helt Perfekt
354,17356,No disponible,The Star Wars Show
355,19111,No disponible,Om Nom Stories
356,21035,No disponible,Talking Tom and Friends
357,28757,No disponible,Big Mouth
368,38963,No disponible,The Mandalorian
369,40019,No disponible,Selena: The Series
378,41500,No disponible,Xie Wang Zhui Qi
379,41595,No disponible,Et tout le monde s'en fout
381,45083,No disponible,Хот Культур
383,49738,No disponible,Binge Reloaded
391,49940,No disponible,Earth at Night in Color
397,50065,No disponible,Voksensmerter
398,50338,No disponible,Crash Course Linguistics
399,50402,No disponible,The Wonderful World of Mickey Mouse
401,50463,No disponible,Stillwater
407,50561,No disponible,Let Me Off the Earth
408,51337,China,Qin Xia
409,51463,No disponible,Kinderfänger
410,51476,No disponible,Amore
413,51849,No disponible,I Cavalieri di Castelcorvo
416,51914,No disponible,Kings of Jo'Burg
422,51915,No disponible,Fjols til fjells
423,51966,No disponible,Influencers
424,51971,No disponible,Wish You
427,52124,No disponible,Bhaag Beanie Bhaag
433,52165,Portugal,A Generala
434,52196,No disponible,Your Home
435,52348,No disponible,Better Days
436,52415,No disponible,Daughters
440,52416,No disponible,The Leaked
443,52519,No disponible,Beyond the Clouds
445,54218,No disponible,PRO-БАЛЕТ с Николаем Цискаридзе
446,56139,No disponible,Meta Runner
447,61140,No disponible,Michael Fassbender: Road to Le Mans
448,46591,United States,"Mira, Royal Detective"
450,26341,United States,Puppy Dog Pals
453,36030,United States,T.O.T.S.
456,40862,United States,Comedy Central Stand-Up Featuring
457,45235,United States,The Hardy Boys
471,49903,Norway,Familiekokkene
472,50150,United States,Wilmore
473,50839,United States,"Um, Actually..."
474,52709,No disponible,Engineering the Future
477,57491,No disponible,History's Greatest Mysteries Solved
478,62418,Canada,Trailer Park Boys: Park After Dark
479,44110,No disponible,Pants on Fire
482,42077,No disponible,ZOMBIES
483,51061,United States,ZOMBIES: Addison's Monster Mystery
484,22536,United States,205 Live
486,7847,Russian Federation,По сезону. Видеодайджест Seasonvar
487,35551,China,Soul Land
488,51670,China,Heaven Official's Blessing
492,31894,Norway,Team Ingebrigtsen
496,58844,Kazakhstan,Зомбеты
497,53888,"Korea, Republic of",Fandom Tour
501,57032,Norway,Oteren Svenn
511,57956,Norway,Hjem til jul?
512,6097,No disponible,Epic Rap Battles of History
514,38605,No disponible,Нежный редактор
515,40225,No disponible,WowCraft
516,40232,No disponible,Jachtseizoen
517,42382,No disponible,Game Changer Wrestling
519,51125,No disponible,Detention
521,51800,No disponible,I Told Sunset About You The Documentary
522,53851,No disponible,Tregaye's Way in the Kitchen
523,56067,No disponible,Yaar Jigree Kasooti Degree
524,57945,No disponible,I Like to Watch
527,50983,No disponible,After Dark The Series
528,61307,Japan,Kamen Rider Saber
529,61536,Japan,Ano ko no Yume wo Mitan Desu
530,4091,United States,RWBY
531,19667,United States,WWE Talking Smack
532,25294,United States,UFC Fight Pass Prelims
533,50939,No disponible,Rail Romanesque
534,53754,No disponible,Lovely Bites by Chef Lovely
535,51314,Norway,Maskorama
536,51631,Norway,Eides språksjov
537,48922,No disponible,Onyx Equinox
538,44334,United States,Field Trip with Curtis Stone
539,1596,United States,UFC Fight Night
540,48597,Russian Federation,Маньяки
541,51471,China,Hero Return
542,52178,China,Swallowed Star
544,49740,Japan,Tokyo Joshi Pro Wrestling
545,50398,China,Man's Diary
546,44659,Norway,Atlantic Crossing
550,31770,Netherlands,Meisje van Plezier
558,49524,No disponible,30 Monedas
559,51812,Norway,Norge i krise
560,52156,Spain,By Ana Milán
561,52294,Sweden,Jakten på en mördare
562,52571,Sweden,LasseMajas Detektivbyrå
564,57874,Norway,Oiii'ginaler
565,22893,No disponible,#@)₴?$0 з Майклом Щуром
567,39314,No disponible,Friheden
568,42383,No disponible,World Wonder Ring STARDOM
570,43141,No disponible,Bani negri (pentru zile albe)
571,49139,No disponible,Чужие письма
573,52148,No disponible,Ultra Galaxy Fight: The Absolute Conspiracy
574,52303,No disponible,Pappas pojkar
577,52737,No disponible,The George Lucas Talk Show
578,52858,No disponible,Laikykitės Ten
580,53890,No disponible,Ghost Dimension Lock Down
581,54789,No disponible,Top Dog Fighting Championship
582,55986,No disponible,Journey Across Japan
583,58356,No disponible,Into the Mother Lands
584,59951,No disponible,Awesomeness TV's Next Influencer
586,36907,Brazil,Fantástico
587,7591,United States,WWE 24
588,18752,United States,Off Topic
589,33463,No disponible,IDOLiSH7
590,34940,United States,Fancy Nancy
592,43207,United States,Peyton's Places
593,51894,Norway,Til deg fra meg
595,59398,United States,One Mo' Chance
596,52181,Russian Federation,Волк
599,56655,"Korea, Republic of",Going Seventeen
600,50916,China,My Little Invisible Being
608,6090,No disponible,Red vs. Blue
612,39890,No disponible,А поговорить?
613,41575,No disponible,30 Minute Meals
615,42097,No disponible,The Champions
616,42412,No disponible,Professionals
618,43072,No disponible,Hey Qween!
619,45416,No disponible,Внутри Лапенко
620,46638,No disponible,Being The Elite
621,48819,No disponible,Manner of Death
622,49379,No disponible,Reunited Apart with Josh Gad
624,51954,Hong Kong,The Runner
629,52018,No disponible,Man in the Middle
630,52069,No disponible,All The Queens' Men
638,52195,No disponible,Kuad Wicha by Brand's Summer Camp
639,52272,No disponible,Room 2806: The Accusation
643,52422,No disponible,Light Speed
649,52496,No disponible,В ритме колбасы
650,52730,No disponible,Fixer
659,53975,No disponible,The College Tour
660,54996,No disponible,The Silent Criminal
662,58367,No disponible,Struggle Meals
663,58821,No disponible,Tunelis
666,63310,No disponible,CRAVITY PARK
669,32417,Turkey,Çukur
670,6146,United States,Rooster Teeth Podcast
671,6147,United States,Rooster Teeth Animated Adventures
672,17584,United States,This Week in Tech
673,18971,United States,Atop the Fourth Wall
674,22473,United States,RAW Talk
675,50918,United States,True Colors
677,35597,No disponible,Frusna vägar
678,45015,Germany,Prince Charming
679,52287,United Kingdom,Inside Poundland: Secrets from the Shop Floor
681,802,United States,WWE Monday Night RAW
682,57009,No disponible,Gang Wars. Princes
684,51065,No disponible,Stand Up Аутсайд
689,55002,"Korea, Republic of",No Turning Back Romance
704,17964,No disponible,How It Should Have Ended
709,41930,No disponible,Mr. Iglesias
719,49081,No disponible,Ex and the City
730,49174,No disponible,You Know What's Bullshit!?
745,52400,China,Dream Detective
759,59676,No disponible,No More Jockeys
776,52316,Russian Federation,Мёртвые души
788,52639,Norway,Puckers
797,12906,Norway,Huskestue
810,42305,No disponible,The Expanding Universe of Ashley Garcia
811,43209,No disponible,The Big Show Show
812,43910,No disponible,A Conversation With
813,45397,No disponible,Helluva Boss
817,48753,No disponible,Let's Play Challenge
819,50888,No disponible,My Bromance 2: 5 Years Later
822,51992,No disponible,The Surgeon's Cut
839,54834,No disponible,Arm Share
854,45155,No disponible,Canal Boat Diaries
861,34010,No disponible,Азбуки Смешариков
863,10892,No disponible,Трое из Простоквашино
865,48683,Russian Federation,Исповедь
876,52782,China,Mr. Right is Here!
882,53072,Malaysia,KL Gangster: Underworld
890,53609,Bangladesh,Shikol
901,50164,Turkey,Sokağın Çocukları
903,52413,"Korea, Republic of",Growing Season
920,33928,No disponible,The Game Awards
921,39794,No disponible,Бар в большом городе
927,46410,No disponible,The Secret
929,50036,No disponible,Alice in Borderland
939,50889,No disponible,OffGun Mommy Taste
951,52806,No disponible,Ultimate Note
960,53081,No disponible,Спалах
962,53698,No disponible,The Shore
965,59261,No disponible,"Ок, Аліна"
968,62901,No disponible,Lazarevatut
977,26643,No disponible,Summer Camp Island
981,44654,No disponible,House of Ho
992,48041,No disponible,Esme & Roy
994,50302,No disponible,Haute Dog
1000,38617,France,Cash Investigation
1002,44135,United Kingdom,Snackmasters
1005,16078,United Kingdom,Tin Star
1011,50594,United States,Cage Warriors
1016,20734,China,Fox Spirit Matchmaker
1028,50467,India,Bebaakee
1044,54381,No disponible,Triples
1055,45987,Greece,Έτερος Εγώ: Χαμένες Ψυχές
1080,37390,No disponible,The Wilds
1091,39678,No disponible,High School Musical: The Musical: The Series
1094,47881,No disponible,Clifford the Big Red Dog
1101,48396,No disponible,Discipline
1107,50644,No disponible,TayNew Meal Date
1111,51653,No disponible,El desorden que dejas
1119,51851,No disponible,Sobrevolando
1128,52399,No disponible,Le QG
1129,52412,No disponible,Handmade Love
1134,52451,China,The Burning River
1143,54837,No disponible,"My Lecturer, My Husband"
1149,62306,No disponible,Rainbow High
1150,23401,United States,Mickey Mouse: Mixed-Up Adventures
1155,49721,United States,Madagascar: A Little Wild
1164,60427,Finland,Justimus esittää: Duo
1172,41192,United States,Just Roll With It
1173,43883,United States,The Amber Ruffin Show
1174,49484,United States,Bare Knuckle Fighting Championship
1177,45090,United States,The Last Drive-In with Joe Bob Briggs
1197,40868,No disponible,Gods' School: The Olympian Gods
1198,47108,No disponible,Ingredients
1200,49823,No disponible,Calculating Love
1201,50868,No disponible,ICW No Holds Barred
1211,55842,No disponible,Paranormal Nightmare
1215,62545,No disponible,WW2: War Against Humanity
1223,50895,United States,Game Changer
1229,3734,No disponible,The Streamy Awards
1231,38199,No disponible,Фиксики
1232,47865,No disponible,Я СЕБЯ ЗНАЮ!
1238,54762,China,Youths in the Breeze
1246,52423,Norway,Aukrust - Gud velsigne vår Herre
1250,34901,Australia,Sammy J
1252,44057,Norway,Hjerteslag
1261,32214,No disponible,Kuntergrau
1266,47042,Spain,Veneno
1271,52772,United Kingdom,Accused: A Mother on Trial
1277,53735,No disponible,Radioactive
1280,60246,No disponible,Деконструкция
1285,42321,United States,WWE Untold
1287,47119,United States,The Chosen
1290,43299,United States,Couples Therapy
1301,60156,Turkey,Efsane T
1309,10821,No disponible,Разбор полётов
1312,25910,No disponible,Hilda
1326,35929,No disponible,200 sekunder
1333,43293,No disponible,Tiny Pretty Things
1363,52444,No disponible,Crash Course Geography
1364,52479,Hong Kong,Beauty and the Boss
1370,52524,China,Forever Love
1382,56848,No disponible,The Miracle Barbershop
1384,58426,No disponible,Peace of Mind with Taraji
1395,44725,United States,Death Battle!
1399,17447,United States,Curious George
1420,53089,Germany,24/7 FC
1433,43336,No disponible,Talks Machina
1441,50616,No disponible,Song Exploder
1445,51934,No disponible,Sea Him The Series
1462,53119,No disponible,Narrative Telephone
1464,55355,No disponible,90 Day Fiancé: Extras
1498,57285,No disponible,DC FanDome
1523,56783,"Taiwan, Province of China",Love Alice or Not
1529,40861,No disponible,RuPaul's Drag Race UK
1538,1825,No disponible,The Expanse
1551,47226,No disponible,Arashi's Diary: Voyage
1559,51928,No disponible,Anitta: Made in Honório
1565,51994,No disponible,The Ripper
1575,52110,No disponible,How to Ruin Christmas
1580,52212,No disponible,The Aam Aadmi Family
1585,52471,No disponible,The Expanse Aftershow
1588,52521,No disponible,Rompan todo: La historia del rock en América Latina
1596,52743,No disponible,The Penalty Zone
1612,62127,No disponible,30 Days With: Ryan Garcia
1629,39115,Russian Federation,Обычная женщина
1632,48151,Russian Federation,Смешарики. Новый сезон
1637,52520,Russian Federation,Мужская тема
1639,53830,"Korea, Republic of",Witches
1641,57385,"Korea, Republic of",After Mom Falls Asleep
1662,49843,Turkey,Aile Şirketi
1672,52618,Germany,Unter Freunden stirbt man nicht
1680,17078,No disponible,The Grand Tour
1683,35790,No disponible,The Stand
1694,52082,No disponible,Yes Chef!
1699,52435,No disponible,Schulz Saves America
1703,52537,No disponible,Love Teenager
1714,59853,No disponible,Bndok
1725,40195,United States,It's Alive with Brad
1734,16665,United States,Titan FC
1735,40633,United States,Beyond the Pole
1738,48403,Russian Federation,То шо скетчи
1751,38732,Norway,Parterapi
1754,52582,India,Taqdeer
1762,52593,India,Black Widows
1789,57029,Norway,Bablo
1798,35420,No disponible,DRUCK
1801,41067,No disponible,El Cid
1806,41489,No disponible,Hjem til jul
1814,44117,No disponible,RED
1824,46570,No disponible,Sweet Home
1841,51136,No disponible,Chicken Shop Date
1845,51836,No disponible,On Pointe
1870,52662,Portugal,O Clube
1875,53811,No disponible,BILD.Macht.Deutschland?
1884,55983,No disponible,Are You Scared?
1887,57213,No disponible,Paava Kadhaigal
1891,57350,No disponible,Lessons from the Screenplay
1896,49024,Brazil,Diário de Um Confinado
1898,37790,United States,Creepshow
1903,26796,United States,Raven's Home
1924,36840,No disponible,Хочу домой
1931,51398,No disponible,Lakan
1936,53564,No disponible,Our Memory
1961,40240,Norway,113
1963,33172,Norway,Der ingen skulle tru at nokon kunne bu
1975,63155,Germany,Mord in der Familie - Der Zauberwürfel
1982,38925,No disponible,Verstaubt sind die Gesichter
1992,52781,China,Love Script
2005,2855,United States,WWE PPV on WWE Network
2006,50162,United States,Submission Underground
2013,54541,China,God of Ten Thousand Realms
2017,62764,"Korea, Republic of",300 Year-Old Class of 2020
2019,52898,"Taiwan, Province of China",Legend of Yun Qian
2030,7241,No disponible,Roadkill
2039,46141,Poland,CONTROL / KONTROLA
2058,52561,No disponible,Win Jaime's Heart
2059,52655,No disponible,The Case Solver
2079,52562,China,Meet Me Outside
2089,9815,No disponible,Upstart Crow
2096,44276,"Korea, Republic of",7 Days of Romance
2099,48673,China,Doomsday Awakening
2108,52526,India,Who's Your Daddy?
2119,51772,"Korea, Republic of",Lovestruck in the City
2127,28347,No disponible,Fashion Photo RuView
2132,44823,No disponible,Friend.ship with Krist-Singto
2152,52629,No disponible,Rhyme Time Town Singalongs
2166,52872,No disponible,Code Zero Daily Report
2167,53809,No disponible,The Anomalyst
2174,52327,Thailand,You Never Eat Alone
2176,53114,Canada,Edgar
2182,45512,United States,Reverse Engineering
2188,53101,"Korea, Republic of",Half-Fifty
2196,54664,"Korea, Republic of",100% Era
2213,53458,Norway,Verdens minste kommentatorboks
2218,21735,Germany,jerks.
2250,52547,No disponible,Follow My Sunshine
2262,42872,United States,A House Divided
2264,48237,United States,FightLore
2268,38241,United Kingdom,Ghosts
2269,32680,United Kingdom,Motherland
2270,45487,United Kingdom,King Gary
2280,52499,Russian Federation,Пассажиры
2285,41490,No disponible,Unique Lady
2293,52665,China,A Love So Romantic
2295,52784,China,Unique Lady 2
2310,55199,Sweden,Klassen
2312,52609,No disponible,Criminal Justice: Behind Closed Doors
2320,52610,India,Feluda Pherot
2347,46108,No disponible,Noclip
2361,53319,No disponible,Off the Cuff
2368,60086,No disponible,Nebula-75
2409,52372,Norway,Ida og Martin på Notholmen
2420,32611,Sweden,Vår tid är nu
2429,53467,Norway,Labyrint
2438,42966,No disponible,Bridgerton
2446,44803,No disponible,SparkShorts
2447,45779,No disponible,Puppet History
2448,47250,No disponible,Disney Gallery: The Mandalorian
2449,49400,No disponible,Roommate
2462,52277,No disponible,Happenstance
2482,55403,No disponible,Парадка
2484,59579,No disponible,Filly Funtasia
2499,60949,No disponible,A Toy Store Near You
2504,61909,No disponible,Mighty Little Bheem: Kite Festival
2512,14055,Canada,Letterkenny
2522,46689,Russian Federation,Последний министр
2537,39627,No disponible,Go! Go! Cory Carson
2546,42592,No disponible,Fast & Furious: Spy Racers
2559,51473,No disponible,Pearl Next Door
2560,52685,China,The Controllers
2570,59655,No disponible,Tales from the SMP
2580,51434,United Kingdom,The Masked Singer: Unmasked
2589,19628,Russian Federation,ТОП-10 по версии Seasonvar.ru
2597,53094,"Korea, Republic of",Youtuber Class
2601,52545,Spain,Física o química: El reencuentro
2611,52653,No disponible,Outlier
2625,53669,No disponible,Lu'lu'
2626,58645,No disponible,The Motive
2652,52712,"Korea, Republic of",A Love So Beautiful
2678,52564,No disponible,NikkieTutorials: Layers of Me
2696,52936,No disponible,My Best Friend's Story
2716,49784,No disponible,The Real Housewives of Jersey
2727,34301,United States,Dr. Pimple Popper
2730,52044,No disponible,Блиц-крик
2744,52736,India,Paurashpur
2754,54955,Denmark,"Tillykke, I skal have trillinger!"
2760,56288,Poland,Nieobecni
2786,52851,No disponible,Nation's Brother
2798,52661,United Kingdom,Celebrity: A 21st-Century Story
2803,51510,Russian Federation,Зона комфорта
2817,61247,China,Knights on Debris
2819,61556,China,Unsolved Cases of Kung Fu: Portrait of Beauty
2825,52403,"Korea, Republic of",Color Rush
2826,52931,Turkey,10 Bin Adim
2828,53093,"Korea, Republic of",Life of Namjoo
2840,42387,No disponible,Transformers: War for Cybertron Trilogy
2847,43890,No disponible,Equinox
2874,52615,No disponible,Best Leftovers Ever!
2882,52708,No disponible,SanPa: Luci e tenebre di San Patrignano
2892,53127,No disponible,Осенние визиты
2895,55805,No disponible,KAZKA: Таємниця Чарголосу
2900,60161,No disponible,The Cool Crystal Show
2910,60508,United Kingdom,Here We Go
2917,46688,Russian Federation,"Проект ""Анна Николаевна"""
2942,55288,China,Lord Xue Ying
2955,44343,Turkey,Aynen Aynen
2972,19355,No disponible,Loudermilk
2984,32649,No disponible,Chilling Adventures of Sabrina
2992,34187,No disponible,Super Power Beat Down
2998,51826,No disponible,Strange Heart
3008,52847,No disponible,Three Men Four Wheels
3020,53581,No disponible,Thursday Night
3032,59380,United States,"Forteresses assiégées, batailles de légende"
3038,39441,United States,Carl Weber's The Family Business
